fold,train,valid
0,0.8119551844608253,0.76265482143327
1,0.8077381430059545,0.7660534458773841
2,0.8182108040598943,0.7701395054807567
3,0.8171569890039755,0.7657118058545356
4,0.8338258912771708,0.7654780550153686
overall,0.817777402361564,0.7659493998440325
