Model,ROC-AUC,KS Statistic,Gini,AUC Delta vs A
Model A (Full Structured),0.8237179487179487,0.5384615384615384,0.6474358974358974,0.0
Model B (Trimmed Only),0.766025641025641,0.47435897435897434,0.5320512820512819,-0.05769230769230771
Model C (Trimmed + Extracted),0.8333333333333334,0.5737179487179487,0.6666666666666667,0.009615384615384692
